               epoch,      train/box_loss,      train/obj_loss,      train/cls_loss,   metrics/precision,      metrics/recall,     metrics/mAP_0.5,metrics/mAP_0.5:0.95,        val/box_loss,        val/obj_loss,        val/cls_loss,               x/lr0,               x/lr1,               x/lr2
                   0,            0.098405,            0.080281,            0.049735,          1.8268e-05,           0.0040201,          9.4987e-06,          2.5705e-06,            0.078717,            0.070617,            0.048075,              0.0784,              0.0024,              0.0024
                   1,            0.087058,            0.077789,            0.046823,                   0,                   0,                   0,                   0,             0.07503,            0.070344,            0.047452,             0.05589,           0.0048903,           0.0048903
                   2,            0.084377,            0.079159,            0.043235,                   0,                   0,                   0,                   0,            0.074658,            0.069828,            0.047052,            0.033371,           0.0073707,           0.0073707
                   3,            0.081951,            0.075174,            0.040635,           0.0047088,             0.16168,           0.0040177,           0.0012437,            0.073249,            0.069134,            0.043332,            0.010841,           0.0098412,           0.0098412
                   4,            0.080189,            0.074397,            0.037927,           0.0078883,             0.10844,           0.0057927,           0.0017394,            0.075417,            0.071479,            0.052174,           0.0099208,           0.0099208,           0.0099208
                   5,            0.078135,            0.078365,            0.036212,             0.22736,            0.034121,            0.017175,           0.0055196,            0.070812,            0.067353,             0.03456,           0.0099208,           0.0099208,           0.0099208
                   6,            0.075839,            0.074085,            0.034672,             0.23729,            0.047255,            0.023437,           0.0066037,            0.070528,            0.061372,            0.032466,            0.009901,            0.009901,            0.009901
                   7,             0.07352,            0.074332,            0.030893,             0.45656,            0.086102,            0.043271,            0.013434,             0.06818,            0.063031,            0.029602,           0.0098812,           0.0098812,           0.0098812
                   8,            0.071986,            0.070666,            0.027735,             0.29052,             0.16745,            0.034657,            0.010385,            0.073831,             0.08835,            0.035904,           0.0098614,           0.0098614,           0.0098614
                   9,            0.069843,            0.071811,            0.025857,             0.65168,            0.041134,            0.025958,           0.0076755,            0.069506,             0.12529,            0.031348,           0.0098416,           0.0098416,           0.0098416
                  10,            0.068881,            0.071591,            0.023556,             0.12327,              0.2094,             0.10188,            0.034947,            0.061676,            0.062459,            0.020634,           0.0098218,           0.0098218,           0.0098218
                  11,            0.068003,             0.07449,            0.020864,             0.12812,             0.24536,            0.089493,            0.029323,            0.062805,            0.062686,            0.022664,            0.009802,            0.009802,            0.009802
                  12,            0.065104,            0.070671,            0.022432,             0.35391,             0.21439,             0.10582,            0.036354,            0.061904,            0.063753,            0.019905,           0.0097822,           0.0097822,           0.0097822
                  13,             0.06363,            0.070441,            0.018776,             0.12419,             0.24647,             0.11001,            0.040109,            0.058949,            0.076009,            0.021388,           0.0097624,           0.0097624,           0.0097624
                  14,             0.06224,            0.066032,            0.017985,              0.2002,             0.35547,             0.16376,            0.062959,            0.053309,            0.098806,            0.027913,           0.0097426,           0.0097426,           0.0097426
                  15,            0.062133,            0.067506,            0.019274,              0.1827,              0.3301,             0.18604,            0.072207,            0.055624,             0.06361,            0.017722,           0.0097228,           0.0097228,           0.0097228
                  16,            0.060313,            0.066787,            0.018017,             0.40733,             0.29649,             0.17555,            0.067184,            0.053787,            0.062464,             0.02318,            0.009703,            0.009703,            0.009703
                  17,            0.058179,            0.064564,            0.014879,             0.22944,             0.43593,             0.23999,            0.092225,            0.050606,            0.066753,            0.014534,           0.0096832,           0.0096832,           0.0096832
                  18,            0.056907,            0.067196,            0.014963,             0.21215,             0.34127,              0.1838,            0.078295,            0.050424,            0.070598,            0.014518,           0.0096634,           0.0096634,           0.0096634
                  19,            0.055854,            0.063334,            0.013766,             0.22006,             0.33474,             0.19389,            0.080909,            0.056357,            0.059419,            0.014394,           0.0096436,           0.0096436,           0.0096436
                  20,            0.054611,             0.06231,            0.011805,             0.28208,             0.45941,             0.28619,             0.12759,            0.047264,            0.056385,            0.012257,           0.0096238,           0.0096238,           0.0096238
                  21,            0.054411,            0.062798,            0.012025,             0.34867,             0.36916,             0.28271,             0.12013,            0.049018,            0.056195,            0.018732,            0.009604,            0.009604,            0.009604
                  22,            0.055819,             0.06386,            0.012243,             0.27611,             0.37627,             0.24332,            0.099513,            0.056808,            0.057065,            0.017921,           0.0095842,           0.0095842,           0.0095842
                  23,            0.054326,            0.060898,            0.011152,             0.25512,             0.27882,             0.13369,             0.05466,            0.057154,            0.059589,            0.028633,           0.0095644,           0.0095644,           0.0095644
                  24,            0.051696,            0.063167,             0.01038,             0.32204,             0.42724,             0.29251,             0.12035,            0.046291,            0.060134,            0.018128,           0.0095446,           0.0095446,           0.0095446
                  25,            0.053028,            0.064261,           0.0097277,             0.33386,             0.42503,             0.31427,             0.13983,              0.0469,            0.055878,             0.01581,           0.0095248,           0.0095248,           0.0095248
                  26,            0.051102,            0.058581,           0.0087628,             0.41132,             0.47249,             0.41547,             0.20273,            0.042341,            0.052631,            0.014231,            0.009505,            0.009505,            0.009505
                  27,            0.048673,            0.059811,            0.010684,             0.33969,             0.47298,             0.33989,             0.15977,            0.045742,            0.054097,            0.010837,           0.0094852,           0.0094852,           0.0094852
                  28,            0.049613,            0.062484,           0.0081032,             0.37904,             0.41372,             0.34462,             0.15938,            0.044553,             0.05593,            0.019304,           0.0094654,           0.0094654,           0.0094654
                  29,            0.048706,            0.061506,           0.0082106,             0.40224,             0.57155,             0.42324,             0.21047,            0.040771,            0.053913,            0.010485,           0.0094456,           0.0094456,           0.0094456
                  30,            0.047811,             0.05945,           0.0079878,             0.38181,             0.50458,             0.41331,             0.20836,            0.040595,             0.05271,           0.0092568,           0.0094258,           0.0094258,           0.0094258
                  31,            0.046367,            0.059545,           0.0077078,             0.40464,             0.40545,             0.36342,             0.17796,            0.041576,            0.053772,            0.020227,            0.009406,            0.009406,            0.009406
                  32,            0.048228,            0.062393,           0.0071493,             0.38463,             0.42618,             0.35876,             0.17247,            0.042976,            0.054858,            0.014576,           0.0093862,           0.0093862,           0.0093862
                  33,            0.046195,             0.05811,           0.0073606,             0.32573,             0.42171,              0.3223,             0.14521,            0.047843,             0.05865,            0.015403,           0.0093664,           0.0093664,           0.0093664
                  34,            0.045977,            0.060161,           0.0071746,             0.40888,             0.52358,             0.43007,             0.22316,            0.038219,            0.051709,            0.011597,           0.0093466,           0.0093466,           0.0093466
                  35,            0.045514,            0.058012,           0.0085968,             0.40846,              0.5221,             0.43142,              0.2205,            0.040901,            0.053842,            0.015053,           0.0093268,           0.0093268,           0.0093268
                  36,            0.043901,            0.055733,           0.0091426,             0.44507,             0.47588,             0.42968,             0.23376,            0.037587,            0.053047,            0.016109,            0.009307,            0.009307,            0.009307
                  37,            0.044416,            0.059015,           0.0066808,             0.39415,              0.5533,             0.44105,             0.23405,            0.037381,            0.054116,             0.01519,           0.0092872,           0.0092872,           0.0092872
                  38,            0.044237,            0.059963,            0.006825,             0.43264,             0.59478,             0.47364,             0.24221,            0.038824,            0.049814,           0.0071947,           0.0092674,           0.0092674,           0.0092674
                  39,            0.043816,            0.057839,           0.0066418,             0.40547,             0.56461,             0.46188,             0.24942,            0.036824,            0.051203,            0.011143,           0.0092476,           0.0092476,           0.0092476
                  40,            0.043257,             0.05479,            0.005759,             0.46314,             0.62541,             0.52622,             0.27352,            0.036236,            0.049664,           0.0073863,           0.0092278,           0.0092278,           0.0092278
                  41,            0.042081,            0.058957,           0.0071728,             0.47058,             0.56201,             0.49346,             0.27831,            0.036121,            0.051075,            0.011409,            0.009208,            0.009208,            0.009208
                  42,            0.043233,            0.056985,           0.0064417,             0.43941,             0.50385,             0.45814,              0.2467,            0.037371,            0.050529,            0.013858,           0.0091882,           0.0091882,           0.0091882
                  43,            0.042948,            0.056441,           0.0061845,             0.41692,             0.53112,             0.43793,             0.22705,            0.036935,            0.050787,            0.020035,           0.0091684,           0.0091684,           0.0091684
                  44,            0.042256,             0.05251,           0.0057753,             0.50037,             0.57878,             0.53509,             0.30772,            0.034906,            0.046735,           0.0081036,           0.0091486,           0.0091486,           0.0091486
                  45,            0.041453,            0.056548,           0.0062071,              0.4287,             0.57717,             0.49312,             0.27531,            0.035145,            0.051881,             0.01369,           0.0091288,           0.0091288,           0.0091288
                  46,            0.041706,            0.057327,            0.005066,             0.49247,              0.4923,             0.46353,             0.24574,            0.036465,            0.051661,            0.011961,            0.009109,            0.009109,            0.009109
                  47,            0.041355,            0.055889,           0.0045562,             0.49231,              0.4729,             0.49081,             0.28207,            0.035264,            0.048156,            0.017181,           0.0090892,           0.0090892,           0.0090892
                  48,            0.040744,            0.051463,           0.0042271,              0.5008,             0.56784,             0.51608,             0.30186,            0.033856,            0.047857,            0.012892,           0.0090694,           0.0090694,           0.0090694
                  49,            0.038849,            0.052419,           0.0044439,             0.44481,             0.62499,             0.51744,             0.30215,            0.033377,            0.052186,           0.0099986,           0.0090496,           0.0090496,           0.0090496
                  50,            0.040468,            0.054151,           0.0041634,             0.46026,              0.5786,             0.47885,             0.24887,            0.037919,            0.047262,            0.011241,           0.0090298,           0.0090298,           0.0090298
                  51,            0.039015,             0.05186,           0.0040625,             0.51326,              0.5265,             0.49633,             0.29415,            0.032942,             0.04822,            0.010589,             0.00901,             0.00901,             0.00901
                  52,            0.038439,            0.050824,           0.0037715,             0.51048,             0.55927,             0.52493,             0.30748,            0.034155,            0.048577,            0.012006,           0.0089902,           0.0089902,           0.0089902
                  53,            0.040526,            0.053572,           0.0042674,             0.52009,             0.54025,             0.52173,             0.29018,            0.034611,            0.048676,           0.0089048,           0.0089704,           0.0089704,           0.0089704
                  54,            0.037866,            0.050483,           0.0043192,             0.52854,             0.58663,             0.54496,             0.33112,              0.0329,            0.047154,           0.0072421,           0.0089506,           0.0089506,           0.0089506
                  55,            0.039383,            0.054643,           0.0041333,             0.47316,             0.61028,             0.50822,             0.30534,            0.033385,            0.046968,           0.0091184,           0.0089308,           0.0089308,           0.0089308
                  56,            0.036981,            0.051891,           0.0043175,             0.47506,             0.62754,             0.53325,             0.31846,            0.032578,            0.046568,             0.01046,            0.008911,            0.008911,            0.008911
                  57,            0.038242,             0.05316,           0.0032915,             0.46004,             0.58489,             0.50795,             0.30607,            0.033495,            0.050005,            0.007952,           0.0088912,           0.0088912,           0.0088912
                  58,             0.03794,            0.052264,           0.0035433,             0.53712,             0.56071,             0.52653,              0.3179,            0.031804,            0.046759,            0.014394,           0.0088714,           0.0088714,           0.0088714
                  59,             0.03694,            0.052655,           0.0031797,             0.49001,             0.60891,             0.54991,             0.33337,            0.032574,             0.04785,           0.0077366,           0.0088516,           0.0088516,           0.0088516
                  60,            0.037339,            0.051963,           0.0035924,             0.55081,             0.59489,             0.57873,             0.34866,             0.03331,            0.044988,           0.0066602,           0.0088318,           0.0088318,           0.0088318
                  61,            0.037781,            0.052434,           0.0030127,              0.5045,             0.63213,             0.56321,             0.34058,            0.032098,            0.046941,           0.0082242,            0.008812,            0.008812,            0.008812
                  62,              0.0373,            0.050788,           0.0028156,             0.48564,             0.60601,             0.52571,             0.31809,            0.031952,            0.047353,            0.010988,           0.0087922,           0.0087922,           0.0087922
                  63,            0.035715,            0.049332,           0.0042144,             0.48091,             0.60198,             0.53626,             0.32541,            0.032102,            0.048111,           0.0078291,           0.0087724,           0.0087724,           0.0087724
                  64,            0.036306,            0.050775,           0.0035696,             0.47832,             0.55621,             0.50836,             0.31265,            0.032425,            0.048318,            0.015845,           0.0087526,           0.0087526,           0.0087526
                  65,             0.03528,            0.052302,           0.0031551,             0.50536,             0.58445,             0.53539,             0.32161,            0.032642,            0.046677,            0.011784,           0.0087328,           0.0087328,           0.0087328
                  66,            0.037056,            0.047354,           0.0031567,             0.51133,             0.60583,             0.55488,             0.33302,            0.032828,               0.047,           0.0078632,            0.008713,            0.008713,            0.008713
                  67,            0.035505,            0.047692,            0.003163,             0.50267,               0.593,             0.53373,               0.327,            0.031597,            0.047271,            0.012874,           0.0086932,           0.0086932,           0.0086932
                  68,            0.034617,            0.049236,           0.0031896,             0.48535,             0.61989,             0.53037,             0.32413,            0.031063,            0.047149,           0.0087686,           0.0086734,           0.0086734,           0.0086734
                  69,            0.036342,            0.049846,           0.0028221,             0.56114,             0.57852,             0.58251,             0.34731,            0.032271,            0.044954,           0.0070356,           0.0086536,           0.0086536,           0.0086536
                  70,            0.035527,            0.051869,           0.0041252,              0.5301,             0.56954,             0.54953,             0.34803,            0.031059,            0.046755,           0.0066961,           0.0086338,           0.0086338,           0.0086338
                  71,            0.034657,            0.049366,           0.0032544,             0.50003,             0.60251,              0.5395,             0.32922,            0.031627,            0.048606,            0.014565,            0.008614,            0.008614,            0.008614
                  72,            0.036008,            0.047881,           0.0033503,             0.48984,             0.60085,             0.53642,             0.31444,             0.03331,            0.046419,           0.0092926,           0.0085942,           0.0085942,           0.0085942
                  73,            0.035366,            0.048335,           0.0031014,             0.51465,             0.63531,             0.56315,             0.35376,            0.030326,            0.047125,           0.0060703,           0.0085744,           0.0085744,           0.0085744
                  74,            0.034636,            0.047148,           0.0026153,             0.56863,             0.58036,             0.57337,             0.35524,             0.03104,            0.049409,           0.0071022,           0.0085546,           0.0085546,           0.0085546
                  75,            0.034378,            0.049088,           0.0025253,             0.52403,             0.64811,             0.58761,             0.36544,            0.030766,            0.046016,           0.0068874,           0.0085348,           0.0085348,           0.0085348
                  76,            0.034472,            0.047739,           0.0023505,             0.50325,             0.54949,             0.50599,             0.30044,            0.033601,            0.052316,            0.015652,            0.008515,            0.008515,            0.008515
                  77,            0.034429,            0.047346,           0.0022793,             0.51468,             0.62243,             0.55561,             0.34281,            0.031563,            0.046961,            0.010279,           0.0084952,           0.0084952,           0.0084952
                  78,            0.033769,            0.046979,           0.0031821,             0.52679,             0.56765,             0.54814,              0.3343,            0.031385,            0.047279,           0.0090987,           0.0084754,           0.0084754,           0.0084754
                  79,            0.033623,            0.047171,           0.0046937,             0.50933,             0.60191,             0.56338,             0.35498,               0.031,            0.045509,            0.005618,           0.0084556,           0.0084556,           0.0084556
                  80,            0.034127,            0.045328,           0.0026175,             0.48777,              0.6084,             0.55079,             0.33736,            0.030859,            0.047365,           0.0090214,           0.0084358,           0.0084358,           0.0084358
                  81,            0.034602,            0.046861,           0.0024854,              0.4765,             0.55726,             0.48889,             0.29724,            0.031399,            0.050489,           0.0081486,            0.008416,            0.008416,            0.008416
                  82,            0.034455,             0.04972,           0.0022003,             0.51596,             0.61868,             0.55899,             0.34234,            0.030389,            0.048949,            0.008256,           0.0083962,           0.0083962,           0.0083962
                  83,            0.034054,            0.049639,            0.002404,             0.50432,             0.62317,             0.56704,             0.35518,            0.030472,            0.046748,            0.013661,           0.0083764,           0.0083764,           0.0083764
                  84,            0.033544,            0.045029,           0.0022032,             0.56234,              0.5656,             0.54489,             0.34639,            0.030446,            0.046435,            0.010657,           0.0083566,           0.0083566,           0.0083566
                  85,            0.033262,            0.048068,           0.0029503,              0.4817,             0.44806,             0.41887,             0.25685,             0.03657,            0.061205,            0.012697,           0.0083368,           0.0083368,           0.0083368
                  86,            0.033308,            0.047319,              0.0025,             0.52833,             0.59667,             0.55873,             0.35741,            0.030355,            0.047061,           0.0080324,            0.008317,            0.008317,            0.008317
                  87,             0.03167,            0.044158,           0.0025277,             0.51934,              0.6135,             0.55032,             0.34625,            0.031012,             0.04738,           0.0074818,           0.0082972,           0.0082972,           0.0082972
                  88,            0.033156,            0.045535,           0.0021773,              0.4977,             0.60686,             0.53613,             0.33557,            0.030781,            0.047763,            0.008116,           0.0082774,           0.0082774,           0.0082774
                  89,            0.034394,            0.045896,           0.0024647,             0.53107,             0.58136,             0.54614,              0.3409,            0.030955,            0.050737,           0.0090997,           0.0082576,           0.0082576,           0.0082576
                  90,            0.032342,            0.047171,           0.0023731,             0.56081,             0.60265,               0.559,             0.36042,             0.02991,            0.048406,           0.0061451,           0.0082378,           0.0082378,           0.0082378
                  91,             0.03346,            0.047412,           0.0023294,             0.54613,             0.58578,             0.56504,              0.3583,            0.030548,            0.046993,            0.007799,            0.008218,            0.008218,            0.008218
                  92,            0.032376,            0.044329,           0.0021332,             0.54085,             0.58464,             0.54824,             0.35529,            0.029687,            0.047727,            0.010617,           0.0081982,           0.0081982,           0.0081982
                  93,            0.033355,            0.043263,            0.001922,             0.54963,             0.58067,             0.56198,             0.35577,            0.030915,            0.048496,           0.0052671,           0.0081784,           0.0081784,           0.0081784
                  94,            0.032091,            0.044489,            0.002884,             0.53616,             0.62481,             0.57409,             0.37259,            0.029591,            0.047059,           0.0053328,           0.0081586,           0.0081586,           0.0081586
                  95,            0.032179,            0.045686,           0.0019697,             0.52604,             0.65233,             0.58651,             0.37127,            0.029624,            0.045588,           0.0072412,           0.0081388,           0.0081388,           0.0081388
                  96,            0.032663,            0.043403,           0.0023003,             0.49165,             0.65329,             0.56553,             0.35447,            0.030383,            0.048677,           0.0064135,            0.008119,            0.008119,            0.008119
                  97,             0.03221,            0.043123,           0.0020311,             0.56578,              0.5895,             0.57333,             0.36784,            0.029461,            0.045818,            0.010467,           0.0080992,           0.0080992,           0.0080992
                  98,            0.030649,            0.042439,           0.0017938,             0.54569,              0.6134,             0.56818,             0.36795,            0.029691,            0.048667,            0.007623,           0.0080794,           0.0080794,           0.0080794
                  99,            0.031477,            0.044862,           0.0017751,             0.60415,             0.57446,             0.58141,             0.37404,            0.029954,              0.0475,           0.0084554,           0.0080596,           0.0080596,           0.0080596
                 100,            0.031493,             0.04258,           0.0016966,             0.57315,             0.60168,             0.57599,             0.37568,            0.029378,            0.047307,            0.010017,           0.0080398,           0.0080398,           0.0080398
                 101,            0.032672,             0.04651,           0.0024887,             0.54145,             0.62861,             0.59226,             0.37877,            0.029764,            0.047547,           0.0055219,             0.00802,             0.00802,             0.00802
                 102,            0.030979,            0.043894,            0.001999,              0.5738,             0.61105,             0.60442,             0.39964,            0.029443,             0.04583,           0.0063892,           0.0080002,           0.0080002,           0.0080002
                 103,            0.030687,            0.044781,           0.0015471,             0.55919,             0.58107,             0.57129,               0.369,            0.030008,            0.047529,           0.0055043,           0.0079804,           0.0079804,           0.0079804
                 104,            0.031461,            0.044997,           0.0020477,             0.57211,             0.59419,             0.58599,             0.38036,            0.029874,            0.048728,           0.0060588,           0.0079606,           0.0079606,           0.0079606
                 105,            0.032426,            0.045097,           0.0017084,             0.56268,             0.56266,             0.56901,             0.35887,            0.029684,            0.048139,           0.0076142,           0.0079408,           0.0079408,           0.0079408
                 106,            0.030513,            0.044466,           0.0016903,             0.53434,             0.60764,             0.56624,             0.36475,            0.029889,            0.050494,            0.010687,            0.007921,            0.007921,            0.007921
                 107,            0.031321,            0.042254,           0.0019734,             0.51465,             0.58174,             0.53363,             0.34463,            0.029141,            0.050393,            0.010885,           0.0079012,           0.0079012,           0.0079012
                 108,              0.0299,            0.041764,           0.0016012,             0.53712,             0.61926,             0.56035,             0.36716,            0.029939,            0.051571,           0.0065903,           0.0078814,           0.0078814,           0.0078814
                 109,            0.030022,            0.041841,           0.0017338,             0.52408,             0.65098,             0.57149,             0.37437,            0.028735,            0.046928,           0.0080125,           0.0078616,           0.0078616,           0.0078616
                 110,             0.03017,             0.04152,           0.0017319,              0.5058,             0.61902,             0.55711,             0.35554,            0.029548,            0.047852,            0.010778,           0.0078418,           0.0078418,           0.0078418
                 111,            0.029606,            0.041311,           0.0014577,             0.53566,             0.64894,             0.57688,             0.37504,            0.028893,            0.048622,            0.011203,            0.007822,            0.007822,            0.007822
                 112,            0.030716,            0.041441,           0.0012736,             0.56784,             0.59947,             0.58039,             0.38361,            0.029439,            0.049005,           0.0044338,           0.0078022,           0.0078022,           0.0078022
                 113,            0.030609,            0.040641,           0.0014667,             0.56371,             0.56846,             0.55115,             0.34725,            0.030357,             0.04999,           0.0082033,           0.0077824,           0.0077824,           0.0077824
                 114,             0.02971,             0.04358,            0.002124,             0.52802,              0.5596,              0.5469,             0.35087,            0.029437,            0.050074,           0.0096192,           0.0077626,           0.0077626,           0.0077626
                 115,            0.030321,            0.042098,            0.001372,             0.56588,             0.57735,             0.56049,             0.34959,            0.029915,            0.047513,           0.0086396,           0.0077428,           0.0077428,           0.0077428
                 116,            0.031082,            0.041008,           0.0019765,             0.55623,             0.61638,             0.57851,              0.3713,            0.029615,            0.050483,           0.0073779,            0.007723,            0.007723,            0.007723
                 117,            0.029163,            0.040004,           0.0017138,             0.54733,             0.63364,             0.58702,             0.37823,            0.029799,            0.047918,           0.0066259,           0.0077032,           0.0077032,           0.0077032
                 118,            0.030346,            0.042227,            0.001931,             0.53806,             0.59031,             0.56021,             0.36426,            0.029347,            0.049143,           0.0061351,           0.0076834,           0.0076834,           0.0076834
                 119,             0.02926,            0.041275,           0.0014053,             0.57261,             0.59552,             0.58054,             0.37814,            0.029083,              0.0497,           0.0088368,           0.0076636,           0.0076636,           0.0076636
                 120,            0.029853,            0.041214,           0.0016623,             0.51827,             0.61072,             0.55465,             0.36542,            0.029549,            0.049136,           0.0085282,           0.0076438,           0.0076438,           0.0076438
                 121,            0.029563,            0.041494,           0.0013792,              0.5286,               0.639,              0.5689,             0.38133,            0.028542,            0.048461,           0.0068382,            0.007624,            0.007624,            0.007624
                 122,            0.029949,             0.03957,           0.0013141,             0.55203,             0.60835,             0.57932,             0.37947,            0.029528,            0.047475,           0.0084776,           0.0076042,           0.0076042,           0.0076042
                 123,             0.02842,            0.040402,           0.0013435,             0.54238,              0.6666,             0.59101,              0.3939,            0.028837,            0.049081,           0.0059964,           0.0075844,           0.0075844,           0.0075844
                 124,            0.031572,            0.040042,           0.0010627,             0.56654,             0.62181,               0.579,             0.37882,            0.029295,            0.047083,           0.0064517,           0.0075646,           0.0075646,           0.0075646
                 125,            0.029642,            0.039511,           0.0012698,             0.51284,             0.63842,             0.55993,             0.37293,            0.028508,            0.049518,           0.0099306,           0.0075448,           0.0075448,           0.0075448
                 126,            0.028713,            0.039218,           0.0013327,             0.55855,             0.60405,             0.58998,             0.39495,            0.028833,            0.050808,           0.0065376,            0.007525,            0.007525,            0.007525
                 127,            0.029019,            0.039095,           0.0012591,             0.55097,             0.59499,             0.56324,             0.37158,            0.028492,            0.047922,            0.012217,           0.0075052,           0.0075052,           0.0075052
                 128,             0.03011,            0.040213,           0.0012152,             0.58559,             0.56778,             0.58228,             0.38532,            0.028889,            0.050508,            0.009668,           0.0074854,           0.0074854,           0.0074854
                 129,            0.028751,            0.038049,           0.0017097,             0.53521,             0.58975,             0.53048,             0.35513,            0.029957,            0.053404,            0.014736,           0.0074656,           0.0074656,           0.0074656
                 130,            0.028814,            0.038539,           0.0014863,             0.60686,             0.59047,             0.58137,             0.38575,            0.029087,             0.04907,           0.0072135,           0.0074458,           0.0074458,           0.0074458
                 131,            0.027945,            0.039811,           0.0012273,             0.54617,             0.59694,             0.56316,             0.37374,            0.029436,            0.050022,            0.007114,            0.007426,            0.007426,            0.007426
                 132,            0.029138,              0.0386,            0.001947,              0.5467,             0.60699,             0.57824,             0.38758,             0.02831,            0.049094,           0.0069854,           0.0074062,           0.0074062,           0.0074062
                 133,             0.02917,            0.038503,           0.0013362,             0.55343,              0.6159,             0.58737,             0.38429,            0.029028,            0.048146,           0.0055716,           0.0073864,           0.0073864,           0.0073864
                 134,            0.028034,            0.039023,           0.0014931,             0.54356,               0.628,             0.57672,             0.38374,            0.029102,            0.048541,           0.0060736,           0.0073666,           0.0073666,           0.0073666
                 135,            0.028177,            0.041316,           0.0018518,              0.5512,             0.59751,             0.55118,              0.3686,            0.029623,            0.053703,            0.011744,           0.0073468,           0.0073468,           0.0073468
                 136,            0.027946,            0.038146,           0.0016422,             0.52361,             0.65706,             0.56919,             0.38463,            0.028549,            0.050568,           0.0075575,            0.007327,            0.007327,            0.007327
                 137,            0.028526,            0.038153,           0.0016366,             0.52204,             0.64692,              0.5557,             0.36958,            0.028783,            0.050341,            0.007695,           0.0073072,           0.0073072,           0.0073072
                 138,             0.02902,            0.039076,           0.0014418,             0.54187,             0.62185,              0.5637,             0.37739,            0.028951,            0.051707,           0.0074807,           0.0072874,           0.0072874,           0.0072874
                 139,            0.028009,             0.03764,           0.0013817,             0.53724,             0.61795,             0.55741,             0.37536,            0.027952,            0.050495,            0.006771,           0.0072676,           0.0072676,           0.0072676
                 140,             0.02819,            0.040461,           0.0012164,              0.5886,             0.59128,             0.58885,              0.3952,            0.028546,            0.047679,           0.0056466,           0.0072478,           0.0072478,           0.0072478
                 141,            0.029138,            0.040821,           0.0012386,             0.54612,             0.60282,             0.55952,             0.37453,            0.029576,            0.051954,           0.0056058,            0.007228,            0.007228,            0.007228
                 142,            0.027562,            0.036369,           0.0012422,             0.53778,             0.63108,             0.57151,             0.38552,            0.027803,            0.048201,           0.0071328,           0.0072082,           0.0072082,           0.0072082
                 143,            0.027446,            0.035585,           0.0014113,             0.53925,             0.63304,             0.56691,             0.38205,            0.028555,            0.049755,             0.01027,           0.0071884,           0.0071884,           0.0071884
                 144,            0.027748,            0.038634,           0.0011245,             0.54322,             0.63006,              0.5731,             0.38507,            0.028339,            0.050467,           0.0067927,           0.0071686,           0.0071686,           0.0071686
                 145,            0.028101,            0.036508,           0.0013018,             0.56973,             0.60031,             0.58524,             0.39241,            0.028997,            0.047861,           0.0071628,           0.0071488,           0.0071488,           0.0071488
                 146,            0.027618,            0.037826,           0.0014208,             0.53853,             0.59107,             0.54298,             0.36156,            0.030006,            0.054857,           0.0082755,            0.007129,            0.007129,            0.007129
                 147,            0.027989,            0.037516,           0.0013629,             0.53707,             0.64674,             0.57637,             0.37933,             0.02904,            0.049483,            0.010569,           0.0071092,           0.0071092,           0.0071092
                 148,            0.028311,            0.038314,           0.0016155,             0.57959,             0.62422,             0.58138,             0.39201,            0.028138,            0.049273,           0.0069166,           0.0070894,           0.0070894,           0.0070894
                 149,            0.027423,            0.037329,           0.0011934,             0.54552,              0.6287,             0.57188,             0.38507,            0.028145,            0.050559,           0.0069453,           0.0070696,           0.0070696,           0.0070696
                 150,            0.027897,            0.035135,           0.0013188,             0.55666,             0.58387,             0.56075,             0.38295,            0.028759,            0.050041,           0.0069502,           0.0070498,           0.0070498,           0.0070498
                 151,            0.027653,            0.038106,           0.0009999,             0.54408,             0.62872,             0.55653,             0.37306,            0.028449,            0.051298,           0.0058921,             0.00703,             0.00703,             0.00703
                 152,            0.028488,            0.037112,           0.0015426,             0.53646,             0.63619,             0.56966,             0.38601,             0.02849,            0.052152,           0.0073787,           0.0070102,           0.0070102,           0.0070102
                 153,            0.027069,            0.039329,          0.00098639,             0.57244,             0.58088,             0.55085,             0.37503,            0.028875,            0.056441,           0.0079594,           0.0069904,           0.0069904,           0.0069904
                 154,            0.027135,            0.034879,          0.00094392,             0.57382,             0.61433,             0.59703,             0.40615,            0.027834,            0.049436,           0.0068347,           0.0069706,           0.0069706,           0.0069706
                 155,            0.027097,            0.035606,           0.0010404,             0.56151,             0.58332,             0.55676,             0.37601,            0.028481,            0.053278,           0.0084471,           0.0069508,           0.0069508,           0.0069508
                 156,            0.027662,            0.036603,          0.00093868,             0.56505,             0.58925,              0.5631,             0.38231,            0.028739,             0.05307,            0.005277,            0.006931,            0.006931,            0.006931
                 157,            0.026492,            0.035137,           0.0010042,             0.55228,             0.61689,              0.5756,             0.39259,            0.028115,            0.050976,           0.0083166,           0.0069112,           0.0069112,           0.0069112
                 158,            0.026816,            0.035309,           0.0012185,             0.56692,             0.57457,             0.54139,             0.36895,            0.028874,            0.055857,           0.0090605,           0.0068914,           0.0068914,           0.0068914
                 159,             0.02658,            0.034948,           0.0014735,              0.5962,             0.55658,             0.55291,             0.37049,            0.028776,            0.053834,           0.0065996,           0.0068716,           0.0068716,           0.0068716
                 160,            0.026496,            0.035556,           0.0011332,             0.51433,             0.63573,             0.56286,             0.37572,            0.028815,            0.052976,           0.0080483,           0.0068518,           0.0068518,           0.0068518
                 161,            0.026678,            0.038447,           0.0012477,             0.56153,             0.61017,             0.56442,             0.38892,            0.028108,            0.051665,           0.0072339,            0.006832,            0.006832,            0.006832
                 162,            0.026612,            0.035051,           0.0010937,             0.54597,             0.61018,             0.57567,             0.38755,            0.029161,            0.050682,           0.0080571,           0.0068122,           0.0068122,           0.0068122
                 163,            0.026487,            0.035205,          0.00098432,             0.57482,             0.57055,             0.56976,             0.38587,            0.028096,            0.052174,             0.00791,           0.0067924,           0.0067924,           0.0067924
                 164,            0.026183,            0.036357,           0.0010363,             0.58274,              0.5695,             0.57184,             0.39287,             0.02799,            0.051171,           0.0097199,           0.0067726,           0.0067726,           0.0067726
                 165,            0.027413,            0.038797,          0.00090166,             0.55125,             0.60246,             0.54965,             0.37729,            0.028456,            0.054694,            0.010403,           0.0067528,           0.0067528,           0.0067528
                 166,            0.026322,            0.035204,          0.00092869,              0.5259,               0.572,             0.52672,             0.35731,            0.028546,            0.057883,           0.0094292,            0.006733,            0.006733,            0.006733
                 167,            0.027445,            0.036551,           0.0013257,             0.51499,             0.63321,             0.55643,             0.37426,            0.028401,            0.053772,           0.0071023,           0.0067132,           0.0067132,           0.0067132
                 168,            0.025503,            0.034917,          0.00099583,              0.5343,             0.61783,             0.56676,             0.38682,            0.028422,            0.053833,           0.0050985,           0.0066934,           0.0066934,           0.0066934
                 169,            0.024962,            0.032009,          0.00095518,             0.50994,             0.65341,             0.57241,             0.38397,            0.027842,            0.051572,           0.0085712,           0.0066736,           0.0066736,           0.0066736
                 170,            0.027191,            0.033993,          0.00099461,             0.55141,             0.59984,             0.55202,             0.38224,            0.027639,            0.052564,           0.0086652,           0.0066538,           0.0066538,           0.0066538
                 171,            0.025696,            0.034829,           0.0013663,             0.56044,             0.60609,             0.58523,             0.39624,            0.028723,            0.052571,           0.0045829,            0.006634,            0.006634,            0.006634
                 172,             0.02568,            0.034801,            0.001297,             0.54889,             0.65966,             0.57814,             0.39713,            0.027603,             0.04962,           0.0052227,           0.0066142,           0.0066142,           0.0066142
                 173,            0.025852,            0.034685,           0.0010143,               0.577,             0.60632,             0.57762,               0.394,            0.028089,            0.052002,           0.0087743,           0.0065944,           0.0065944,           0.0065944
                 174,            0.026211,            0.034189,           0.0010182,             0.55721,             0.61365,             0.54553,             0.36794,            0.028589,            0.059169,           0.0084673,           0.0065746,           0.0065746,           0.0065746
                 175,            0.025996,            0.034332,           0.0010919,             0.59374,             0.52701,             0.54088,             0.36971,            0.028399,            0.056682,             0.01006,           0.0065548,           0.0065548,           0.0065548
                 176,            0.025017,            0.032223,           0.0011997,             0.54486,             0.60592,             0.56223,             0.38898,            0.027518,            0.052141,            0.007783,            0.006535,            0.006535,            0.006535
                 177,            0.025149,            0.034548,          0.00092873,             0.55848,              0.5963,             0.56625,             0.38794,             0.02798,            0.053356,           0.0085207,           0.0065152,           0.0065152,           0.0065152
                 178,            0.025362,            0.034903,          0.00082635,             0.57947,             0.60049,             0.56197,              0.3823,            0.028027,            0.054076,           0.0070718,           0.0064954,           0.0064954,           0.0064954
                 179,            0.025842,            0.032863,           0.0010834,             0.60133,             0.61847,             0.59725,              0.4076,            0.027615,            0.050704,           0.0058709,           0.0064756,           0.0064756,           0.0064756
                 180,            0.025853,            0.034837,          0.00094789,             0.55655,             0.61072,             0.55811,             0.38334,            0.028352,            0.055011,           0.0076612,           0.0064558,           0.0064558,           0.0064558
                 181,            0.026148,            0.034203,           0.0011135,             0.55412,             0.60273,             0.55703,             0.37753,            0.028292,            0.053607,           0.0069703,            0.006436,            0.006436,            0.006436
                 182,            0.025369,            0.033644,          0.00085465,              0.5501,             0.60081,             0.54535,             0.37129,            0.028848,            0.055657,           0.0079168,           0.0064162,           0.0064162,           0.0064162
                 183,            0.026624,            0.034716,           0.0014412,             0.54309,             0.61934,             0.56203,             0.38389,            0.027828,              0.0543,           0.0065498,           0.0063964,           0.0063964,           0.0063964
                 184,            0.024544,            0.032589,           0.0010175,             0.55852,             0.58664,             0.54204,             0.37152,            0.027679,            0.057482,           0.0062724,           0.0063766,           0.0063766,           0.0063766
                 185,             0.02501,            0.035605,           0.0010922,             0.61638,             0.56288,             0.56469,             0.38618,            0.027548,            0.052386,           0.0065476,           0.0063568,           0.0063568,           0.0063568
                 186,            0.025707,            0.033501,          0.00088117,             0.55473,             0.57907,             0.54791,             0.37942,            0.028324,            0.055253,           0.0096069,            0.006337,            0.006337,            0.006337
                 187,            0.025116,            0.034875,            0.001199,              0.5428,             0.60393,             0.55685,             0.38414,            0.027948,            0.057957,           0.0065138,           0.0063172,           0.0063172,           0.0063172
                 188,            0.025157,            0.032643,          0.00099909,             0.57759,             0.60541,             0.57593,             0.39375,             0.02823,            0.055216,           0.0071295,           0.0062974,           0.0062974,           0.0062974
                 189,            0.025516,            0.030119,          0.00084339,             0.56159,             0.59109,             0.55122,             0.37903,            0.028157,              0.0561,            0.011571,           0.0062776,           0.0062776,           0.0062776
                 190,            0.024784,            0.033009,          0.00073116,             0.58874,              0.6032,             0.56533,              0.3917,            0.027696,            0.053716,           0.0064672,           0.0062578,           0.0062578,           0.0062578
                 191,            0.025952,            0.032578,          0.00085083,             0.61746,             0.56398,             0.57172,             0.39556,            0.028207,            0.053698,           0.0066474,            0.006238,            0.006238,            0.006238
                 192,            0.024893,            0.031312,          0.00085584,              0.5672,             0.58314,              0.5587,              0.3777,            0.028595,              0.0557,           0.0075857,           0.0062182,           0.0062182,           0.0062182
                 193,            0.024865,            0.032847,          0.00090614,             0.56502,             0.61687,              0.5697,             0.38531,             0.02869,            0.055639,           0.0060604,           0.0061984,           0.0061984,           0.0061984
                 194,            0.025304,            0.033223,          0.00088573,             0.55736,             0.63624,             0.56759,             0.38779,            0.028214,             0.05246,            0.008297,           0.0061786,           0.0061786,           0.0061786
                 195,            0.024495,            0.035052,           0.0012715,             0.55877,             0.62496,             0.55816,             0.38223,            0.028191,            0.054361,           0.0070726,           0.0061588,           0.0061588,           0.0061588
                 196,            0.024839,            0.030727,           0.0010451,             0.55533,             0.59944,             0.53122,             0.35947,            0.028726,            0.059947,           0.0091367,            0.006139,            0.006139,            0.006139
                 197,            0.024873,            0.033599,          0.00093483,             0.56314,             0.58617,              0.5403,             0.37041,            0.028319,            0.057554,           0.0091722,           0.0061192,           0.0061192,           0.0061192
                 198,            0.024417,            0.033049,          0.00084208,             0.50189,             0.64349,             0.54169,             0.37102,             0.02775,            0.056395,           0.0080506,           0.0060994,           0.0060994,           0.0060994
                 199,             0.02428,            0.030213,           0.0014458,             0.58153,             0.56402,             0.54467,             0.37245,            0.028664,            0.058296,           0.0055991,           0.0060796,           0.0060796,           0.0060796
                 200,            0.024455,            0.032392,          0.00083227,             0.56389,             0.61521,             0.55618,             0.38232,            0.027896,            0.054653,           0.0073266,           0.0060598,           0.0060598,           0.0060598
                 201,            0.023951,            0.030769,          0.00079615,             0.53848,             0.63677,             0.55887,              0.3811,            0.028164,            0.054276,           0.0071383,             0.00604,             0.00604,             0.00604
                 202,            0.024077,            0.031133,          0.00071632,             0.55795,             0.61991,             0.56031,             0.38348,            0.028698,            0.057793,           0.0058253,           0.0060202,           0.0060202,           0.0060202
                 203,            0.024343,              0.0325,           0.0007075,             0.58901,             0.53568,             0.54077,             0.37264,            0.028928,            0.060335,           0.0068925,           0.0060004,           0.0060004,           0.0060004
                 204,            0.023674,            0.030974,          0.00091927,             0.53009,             0.65172,             0.55104,             0.38193,            0.027935,            0.056883,           0.0067032,           0.0059806,           0.0059806,           0.0059806
                 205,            0.023599,            0.031115,          0.00086092,              0.5407,             0.62398,             0.55662,             0.38063,            0.028181,            0.058298,           0.0068095,           0.0059608,           0.0059608,           0.0059608
                 206,            0.023849,            0.034414,           0.0011855,             0.58333,             0.60103,             0.56687,             0.39118,              0.0283,            0.057948,           0.0054701,            0.005941,            0.005941,            0.005941
                 207,             0.02357,            0.030345,          0.00073111,             0.56262,             0.58409,             0.55499,             0.37997,            0.028097,            0.056956,           0.0079902,           0.0059212,           0.0059212,           0.0059212
                 208,            0.023773,            0.032616,          0.00092107,             0.57446,             0.60137,              0.5487,             0.37511,            0.028304,            0.055831,            0.010052,           0.0059014,           0.0059014,           0.0059014
                 209,            0.024388,            0.031046,          0.00088844,             0.55511,              0.6018,             0.53619,              0.3709,            0.028246,            0.054667,            0.010039,           0.0058816,           0.0058816,           0.0058816
                 210,            0.024595,            0.031992,          0.00076771,             0.54992,             0.63685,             0.56255,             0.38653,            0.027986,            0.054244,           0.0063184,           0.0058618,           0.0058618,           0.0058618
                 211,            0.024021,            0.032329,          0.00098483,             0.57227,             0.60702,             0.56383,             0.37503,            0.029141,            0.055813,           0.0067989,            0.005842,            0.005842,            0.005842
                 212,            0.023909,            0.031492,           0.0006574,             0.56522,             0.61249,             0.54695,             0.37272,            0.028747,            0.057147,           0.0063329,           0.0058222,           0.0058222,           0.0058222
                 213,            0.022662,             0.02954,          0.00065263,             0.60195,              0.5678,              0.5609,             0.38711,            0.028393,             0.05822,            0.007624,           0.0058024,           0.0058024,           0.0058024
                 214,            0.024523,            0.030244,          0.00071773,             0.61236,             0.53074,             0.53077,              0.3713,            0.029185,            0.063455,           0.0076474,           0.0057826,           0.0057826,           0.0057826
                 215,            0.024252,            0.030126,          0.00080067,             0.59132,             0.59963,             0.55518,             0.37879,            0.027992,            0.057103,           0.0082077,           0.0057628,           0.0057628,           0.0057628
                 216,            0.023462,            0.028845,          0.00081332,             0.56113,             0.63704,             0.57322,              0.3945,            0.027914,            0.054999,           0.0067788,            0.005743,            0.005743,            0.005743
                 217,            0.024079,            0.032651,           0.0012903,             0.56075,             0.64412,             0.56383,              0.3826,             0.02795,            0.055724,           0.0074833,           0.0057232,           0.0057232,           0.0057232
                 218,            0.024482,            0.030973,           0.0010712,             0.57505,             0.59484,             0.56532,             0.38894,            0.027828,            0.057742,           0.0063732,           0.0057034,           0.0057034,           0.0057034
                 219,            0.024446,            0.030139,          0.00081596,             0.60922,             0.56401,             0.55545,             0.37703,             0.02818,            0.057507,           0.0068246,           0.0056836,           0.0056836,           0.0056836
                 220,            0.024001,            0.031997,          0.00073927,             0.59488,             0.59796,             0.56315,             0.38511,              0.0288,            0.057613,           0.0051403,           0.0056638,           0.0056638,           0.0056638
                 221,             0.02304,             0.03389,            0.001177,             0.58363,             0.59662,             0.57267,             0.39398,            0.027675,            0.053047,           0.0081936,            0.005644,            0.005644,            0.005644
                 222,            0.023107,            0.030915,            0.001155,             0.55301,             0.61055,             0.55851,             0.37861,            0.027885,            0.054944,           0.0080121,           0.0056242,           0.0056242,           0.0056242
                 223,            0.023561,            0.030879,          0.00095622,               0.552,             0.62576,             0.56064,             0.38888,            0.027732,            0.056263,           0.0079933,           0.0056044,           0.0056044,           0.0056044
                 224,            0.022851,            0.032435,          0.00080473,             0.56342,             0.61736,             0.56295,             0.39268,            0.028021,             0.05825,           0.0067034,           0.0055846,           0.0055846,           0.0055846
                 225,            0.023535,             0.02784,          0.00075696,             0.60286,              0.5798,             0.57259,             0.40234,            0.028176,            0.059297,           0.0053907,           0.0055648,           0.0055648,           0.0055648
                 226,            0.022878,            0.031401,           0.0010952,             0.60939,             0.59289,             0.55823,             0.38134,            0.028126,            0.058158,           0.0065825,            0.005545,            0.005545,            0.005545
                 227,            0.023786,            0.031993,          0.00082807,             0.55371,              0.5798,             0.54088,             0.37073,            0.028396,            0.060341,           0.0080211,           0.0055252,           0.0055252,           0.0055252
                 228,            0.021807,            0.029657,          0.00070028,             0.56884,             0.58646,             0.53486,             0.37302,             0.02876,            0.062343,           0.0074916,           0.0055054,           0.0055054,           0.0055054
                 229,            0.022822,            0.030513,           0.0015805,             0.58313,             0.60035,             0.55229,             0.38674,            0.027599,            0.058195,           0.0077167,           0.0054856,           0.0054856,           0.0054856
                 230,            0.022478,             0.02984,          0.00077902,             0.55548,             0.60928,             0.53951,             0.37468,            0.027439,            0.056398,           0.0081473,           0.0054658,           0.0054658,           0.0054658
                 231,            0.022844,            0.029419,          0.00068767,             0.60233,             0.56757,             0.53706,             0.37207,            0.027737,            0.056726,           0.0091081,            0.005446,            0.005446,            0.005446
                 232,            0.022692,             0.02835,           0.0007125,             0.55204,             0.60955,             0.54231,             0.37715,            0.028128,            0.057468,           0.0097831,           0.0054262,           0.0054262,           0.0054262
                 233,            0.022311,            0.029545,          0.00066333,             0.57679,             0.57098,              0.5342,             0.37473,            0.028567,            0.062596,           0.0059694,           0.0054064,           0.0054064,           0.0054064
                 234,            0.022102,            0.029334,          0.00058628,              0.5617,             0.60307,             0.53775,             0.37564,            0.028203,             0.06066,           0.0069671,           0.0053866,           0.0053866,           0.0053866
                 235,            0.023639,            0.029807,           0.0008182,             0.56968,              0.6022,             0.54383,             0.37292,            0.028811,            0.058845,           0.0085761,           0.0053668,           0.0053668,           0.0053668
                 236,            0.023194,            0.030069,           0.0010989,             0.56329,             0.59694,             0.54281,             0.37257,            0.028233,             0.05896,           0.0075188,            0.005347,            0.005347,            0.005347
                 237,            0.023044,            0.029117,          0.00081092,             0.57601,             0.61428,             0.54887,             0.38111,            0.028047,             0.05933,           0.0073783,           0.0053272,           0.0053272,           0.0053272
                 238,            0.022243,            0.028653,          0.00088716,             0.56375,             0.62623,             0.55377,             0.38676,            0.027594,            0.059098,           0.0074777,           0.0053074,           0.0053074,           0.0053074
                 239,            0.022209,            0.029268,          0.00071253,             0.56818,             0.58205,             0.54243,             0.37871,            0.028033,            0.060799,           0.0060063,           0.0052876,           0.0052876,           0.0052876
                 240,            0.022114,            0.028732,          0.00063093,             0.54918,             0.60859,             0.54571,             0.37785,            0.028307,            0.061052,           0.0074652,           0.0052678,           0.0052678,           0.0052678
                 241,            0.022732,            0.028912,          0.00066494,             0.55189,             0.58214,              0.5288,             0.36697,             0.02807,            0.060824,           0.0075153,            0.005248,            0.005248,            0.005248
                 242,            0.021802,            0.029849,          0.00057116,             0.56605,             0.58077,              0.5511,             0.38464,             0.02757,            0.059834,           0.0069333,           0.0052282,           0.0052282,           0.0052282
                 243,            0.023005,             0.02779,           0.0008212,              0.5624,             0.61691,             0.56149,             0.38906,            0.027781,            0.058947,           0.0058681,           0.0052084,           0.0052084,           0.0052084
                 244,            0.022108,            0.029798,          0.00066038,             0.55793,             0.60976,             0.54326,             0.37468,            0.028156,            0.060054,           0.0077297,           0.0051886,           0.0051886,           0.0051886
                 245,            0.022268,            0.028423,          0.00057262,             0.60215,             0.58375,             0.55685,             0.38123,            0.027683,            0.057611,           0.0065747,           0.0051688,           0.0051688,           0.0051688
                 246,            0.022995,            0.029745,          0.00087479,             0.59151,             0.59908,             0.55718,             0.38091,            0.028343,            0.059276,           0.0060655,            0.005149,            0.005149,            0.005149
                 247,            0.022555,            0.028627,          0.00072593,             0.56192,             0.60374,             0.54323,             0.37072,            0.028131,            0.061297,           0.0071389,           0.0051292,           0.0051292,           0.0051292
                 248,             0.02276,            0.029948,          0.00086174,             0.57476,             0.56491,             0.52921,             0.36209,            0.028244,            0.060537,           0.0077055,           0.0051094,           0.0051094,           0.0051094
                 249,            0.021775,            0.028622,          0.00091921,             0.61478,             0.56925,             0.55645,             0.38365,            0.027546,            0.055807,            0.007709,           0.0050896,           0.0050896,           0.0050896
                 250,             0.02192,            0.028366,          0.00089601,             0.58557,             0.60031,             0.54214,             0.37946,            0.027422,            0.057825,            0.006388,           0.0050698,           0.0050698,           0.0050698
                 251,             0.02169,            0.028202,          0.00061223,             0.57702,             0.63388,             0.55129,             0.37773,            0.028203,            0.060203,            0.006004,             0.00505,             0.00505,             0.00505
                 252,            0.022175,            0.027147,          0.00066619,              0.5764,             0.59377,             0.55094,             0.37717,            0.028112,            0.060484,           0.0071181,           0.0050302,           0.0050302,           0.0050302
                 253,            0.021822,            0.029186,           0.0007668,             0.56373,             0.59709,             0.54207,              0.3652,            0.028637,              0.0616,           0.0068757,           0.0050104,           0.0050104,           0.0050104
                 254,            0.022462,            0.030785,          0.00078636,             0.54068,              0.5965,             0.53713,             0.36855,            0.028244,            0.061835,           0.0089567,           0.0049906,           0.0049906,           0.0049906
                 255,               0.022,            0.028847,            0.001616,             0.54637,             0.61237,             0.54448,             0.37487,            0.028012,            0.060666,           0.0065837,           0.0049708,           0.0049708,           0.0049708
                 256,            0.021442,            0.027984,          0.00070188,             0.57687,             0.58145,             0.54643,             0.37797,            0.027805,             0.06188,           0.0062586,            0.004951,            0.004951,            0.004951
                 257,            0.022116,            0.028198,          0.00074753,             0.53714,             0.63066,             0.56168,             0.38656,            0.027866,            0.058302,            0.007906,           0.0049312,           0.0049312,           0.0049312
                 258,            0.022287,            0.029092,            0.000763,             0.54452,             0.58543,             0.52396,             0.35837,            0.028463,            0.061731,            0.009044,           0.0049114,           0.0049114,           0.0049114
                 259,            0.021847,            0.028351,           0.0007472,             0.58355,             0.58955,             0.54092,             0.37829,            0.028392,            0.062902,           0.0072003,           0.0048916,           0.0048916,           0.0048916
                 260,            0.021798,            0.026993,          0.00061812,             0.58169,             0.55177,              0.5296,             0.37463,             0.02804,            0.064265,           0.0084002,           0.0048718,           0.0048718,           0.0048718
                 261,            0.021588,            0.031737,          0.00056554,             0.55688,             0.61027,              0.5513,             0.38546,            0.027727,             0.06129,           0.0075638,            0.004852,            0.004852,            0.004852
                 262,            0.021644,            0.027305,          0.00056721,             0.56434,             0.59973,             0.55227,             0.38763,            0.027645,            0.060999,           0.0070639,           0.0048322,           0.0048322,           0.0048322
                 263,            0.021625,             0.02793,          0.00066156,             0.53889,             0.63065,             0.55724,             0.39105,            0.027698,             0.05891,           0.0059475,           0.0048124,           0.0048124,           0.0048124
                 264,            0.021471,            0.027568,          0.00063466,             0.61329,             0.56868,             0.56105,             0.39364,            0.027512,            0.058677,           0.0066881,           0.0047926,           0.0047926,           0.0047926
                 265,            0.022061,             0.02973,          0.00058309,             0.58189,             0.60155,             0.55491,             0.38939,            0.028211,            0.062565,           0.0065201,           0.0047728,           0.0047728,           0.0047728
                 266,            0.022003,            0.027133,          0.00049535,             0.56967,             0.62983,             0.56082,             0.39226,            0.028357,             0.06049,           0.0055626,            0.004753,            0.004753,            0.004753
                 267,             0.02212,             0.02711,          0.00053004,              0.6145,             0.56955,             0.55509,             0.38465,            0.028058,            0.060514,           0.0072737,           0.0047332,           0.0047332,           0.0047332
                 268,            0.021693,            0.027775,          0.00059348,             0.55079,             0.57367,             0.53286,             0.37102,            0.027851,             0.06165,            0.008829,           0.0047134,           0.0047134,           0.0047134
                 269,            0.021175,            0.028197,           0.0011923,             0.55991,             0.60971,             0.56032,             0.38851,            0.028004,            0.059798,           0.0080546,           0.0046936,           0.0046936,           0.0046936
                 270,            0.022412,            0.028305,          0.00074039,             0.54225,             0.62457,             0.53299,              0.3731,            0.028258,            0.061106,           0.0087551,           0.0046738,           0.0046738,           0.0046738
                 271,            0.021143,            0.027991,          0.00065298,             0.58179,             0.60392,             0.54518,             0.37429,            0.028529,            0.063184,           0.0064909,            0.004654,            0.004654,            0.004654
                 272,             0.02079,            0.026904,          0.00060495,             0.54858,             0.59796,             0.52919,             0.36157,            0.029017,            0.066048,           0.0067684,           0.0046342,           0.0046342,           0.0046342
                 273,             0.02195,            0.026648,          0.00057268,             0.59592,             0.61185,             0.56008,             0.39053,            0.028087,            0.060254,           0.0054021,           0.0046144,           0.0046144,           0.0046144
                 274,            0.021453,            0.028629,          0.00059168,               0.544,             0.65154,              0.5682,             0.39391,            0.027626,            0.056967,            0.005939,           0.0045946,           0.0045946,           0.0045946
                 275,            0.020576,            0.027824,          0.00064148,             0.54168,             0.62918,             0.54664,             0.37982,            0.027812,            0.061065,           0.0067552,           0.0045748,           0.0045748,           0.0045748
                 276,             0.02058,            0.027102,          0.00052439,             0.56647,             0.62016,               0.561,             0.38639,            0.028116,              0.0622,           0.0062271,            0.004555,            0.004555,            0.004555
                 277,            0.020887,             0.02647,          0.00058262,              0.5864,             0.62272,             0.57019,             0.39213,            0.028367,            0.061383,           0.0052268,           0.0045352,           0.0045352,           0.0045352
                 278,            0.020619,            0.025737,          0.00047853,             0.57805,             0.62105,             0.55521,             0.38199,             0.02878,             0.06338,           0.0070323,           0.0045154,           0.0045154,           0.0045154
                 279,            0.020972,            0.028102,            0.000477,             0.58988,              0.6019,              0.5579,             0.38498,            0.028341,            0.061882,           0.0075876,           0.0044956,           0.0044956,           0.0044956
